{"cameraMode":{"drawMode":0,"name":"Shaded","section":"Shading Mode"},"sceneLighting":true,"audioPlay":false,"sceneViewState":{"m_AlwaysRefresh":false,"showFog":true,"showSkybox":true,"showFlares":true,"showImageEffects":true,"showParticleSystems":true,"showVisualEffectGraphs":true,"m_FxEnabled":true},"in2DMode":false,"pivot":{"x":854.9298706054688,"y":464.1817932128906,"z":11.09405517578125},"rotation":{"x":0.008999759331345559,"y":-0.004499802365899086,"z":0.00004049447306897491,"w":0.9999494552612305},"size":771.0445556640625,"orthographic":false}