{"cameraMode":{"drawMode":0,"name":"Shaded","section":"Shading Mode"},"sceneLighting":false,"audioPlay":false,"sceneViewState":{"m_AlwaysRefresh":false,"showFog":true,"showSkybox":false,"showFlares":true,"showImageEffects":true,"showParticleSystems":true,"showVisualEffectGraphs":true,"m_FxEnabled":true},"in2DMode":false,"pivot":{"x":0.07200917601585388,"y":0.5094690918922424,"z":-0.13079975545406342},"rotation":{"x":0.05680214986205101,"y":0.07659786194562912,"z":-0.004367724061012268,"w":0.9954425692558289},"size":0.6233358979225159,"orthographic":false}