{"cameraMode":{"drawMode":0,"name":"Shaded","section":"Shading Mode"},"sceneLighting":false,"audioPlay":false,"sceneViewState":{"m_AlwaysRefresh":false,"showFog":true,"showSkybox":false,"showFlares":true,"showImageEffects":true,"showParticleSystems":true,"showVisualEffectGraphs":true,"m_FxEnabled":true},"in2DMode":false,"pivot":{"x":0.04364679753780365,"y":0.43328186869621279,"z":-0.027657344937324525},"rotation":{"x":0.11345752328634262,"y":0.0717662051320076,"z":-0.008214029483497143,"w":0.990922749042511},"size":0.7465313076972961,"orthographic":false}