{"cameraMode":{"drawMode":0,"name":"Shaded","section":"Shading Mode"},"sceneLighting":false,"audioPlay":false,"sceneViewState":{"m_AlwaysRefresh":false,"showFog":true,"showSkybox":false,"showFlares":true,"showImageEffects":true,"showParticleSystems":true,"showVisualEffectGraphs":true,"m_FxEnabled":true},"in2DMode":false,"pivot":{"x":0.8100000023841858,"y":0.6200000047683716,"z":-2.4736127853393556},"rotation":{"x":0.14646314084529878,"y":0.010386473499238491,"z":-0.0015379206743091345,"w":0.9891602993011475},"size":0.5657076239585877,"orthographic":false}