{"cameraMode":{"drawMode":0,"name":"Shaded","section":"Shading Mode"},"sceneLighting":false,"audioPlay":false,"sceneViewState":{"m_AlwaysRefresh":false,"showFog":true,"showSkybox":false,"showFlares":true,"showImageEffects":true,"showParticleSystems":true,"showVisualEffectGraphs":true,"m_FxEnabled":true},"in2DMode":false,"pivot":{"x":0.8119394183158875,"y":-0.4561846852302551,"z":-2.4263484477996828},"rotation":{"x":-0.5952467918395996,"y":-0.02000478282570839,"z":0.014826435595750809,"w":-0.8031450510025024},"size":1.348233938217163,"orthographic":false}