{"cameraMode":{"drawMode":0,"name":"Shaded","section":"Shading Mode"},"sceneLighting":false,"audioPlay":false,"sceneViewState":{"m_AlwaysRefresh":false,"showFog":true,"showSkybox":false,"showFlares":true,"showImageEffects":true,"showParticleSystems":true,"showVisualEffectGraphs":true,"m_FxEnabled":true},"in2DMode":false,"pivot":{"x":0.17076316475868226,"y":0.13465559482574464,"z":-0.08072148263454437},"rotation":{"x":0.14646314084529878,"y":0.010386473499238491,"z":-0.0015379206743091345,"w":0.9891602993011475},"size":3.2254998683929445,"orthographic":false}